{
    "0": [
        4057.0048386392377,
        "Terminus",
        "Drojaea DG-E d12-4"
    ],
    "1": [
        1028.51836604743,
        "Drojaea DG-E d12-4",
        "Drojia XK-D c26-0"
    ],
    "2": [
        1878.2082575659874,
        "Drojia XK-D c26-0",
        "Thaileia PJ-O d7-74"
    ],
    "3": [
        3406.5233895447755,
        "Thaileia PJ-O d7-74",
        "Eagle Sector EL-Y d203"
    ],
    "4": [
        7147.928041340349,
        "Eagle Sector EL-Y d203",
        "Qeajo CZ-N c20-15"
    ],
    "5": [
        6169.972054975588,
        "Qeajo CZ-N c20-15",
        "Bleia Hype IC-T c4-0"
    ],
    "6": [
        9022.061781654578,
        "Bleia Hype IC-T c4-0",
        "Eeshorks BA-A g2179"
    ],
    "7": [
        4443.64730773132,
        "Eeshorks BA-A g2179",
        "Cryaa Ain ZJ-R e4-4"
    ],
    "8": [
        4272.597287602852,
        "Cryaa Ain ZJ-R e4-4",
        "Oephaich HC-C d1"
    ],
    "9": [
        17059.88928567396,
        "Oephaich HC-C d1",
        "Terminus"
    ]
}